{
  "Average": {
    "precision": 0.3523809523809524,
    "recall": 0.37373737373737376,
    "f1-score": 0.3627450980392157,
    "support": 99.0
  },
  "Good": {
    "precision": 0.39215686274509803,
    "recall": 0.40404040404040403,
    "f1-score": 0.39800995024875624,
    "support": 99.0
  },
  "Hit": {
    "precision": 0.5568181818181818,
    "recall": 0.494949494949495,
    "f1-score": 0.5240641711229946,
    "support": 99.0
  },
  "Low": {
    "precision": 0.6862745098039216,
    "recall": 0.7,
    "f1-score": 0.693069306930693,
    "support": 100.0
  },
  "accuracy": 0.49370277078085645,
  "macro avg": {
    "precision": 0.4969076266870384,
    "recall": 0.49318181818181817,
    "f1-score": 0.49447213158541486,
    "support": 397.0
  },
  "weighted avg": {
    "precision": 0.4973846213548392,
    "recall": 0.49370277078085645,
    "f1-score": 0.49497237635958435,
    "support": 397.0
  }
}