{
  "Average": {
    "precision": 0.4270833333333333,
    "recall": 0.41414141414141414,
    "f1-score": 0.4205128205128205,
    "support": 99.0
  },
  "Good": {
    "precision": 0.41237113402061853,
    "recall": 0.40404040404040403,
    "f1-score": 0.40816326530612246,
    "support": 99.0
  },
  "Hit": {
    "precision": 0.5959595959595959,
    "recall": 0.5959595959595959,
    "f1-score": 0.5959595959595959,
    "support": 99.0
  },
  "Low": {
    "precision": 0.7714285714285715,
    "recall": 0.81,
    "f1-score": 0.7902439024390244,
    "support": 100.0
  },
  "accuracy": 0.5566750629722922,
  "macro avg": {
    "precision": 0.5517106586855298,
    "recall": 0.5560353535353535,
    "f1-score": 0.5537198960543908,
    "support": 397.0
  },
  "weighted avg": {
    "precision": 0.5522641043095677,
    "recall": 0.5566750629722922,
    "f1-score": 0.5543156744080046,
    "support": 397.0
  }
}