{
  "Average": {
    "precision": 0.3793103448275862,
    "recall": 0.4444444444444444,
    "f1-score": 0.40930232558139534,
    "support": 99.0
  },
  "Good": {
    "precision": 0.33766233766233766,
    "recall": 0.26262626262626265,
    "f1-score": 0.29545454545454547,
    "support": 99.0
  },
  "Hit": {
    "precision": 0.5247524752475248,
    "recall": 0.5353535353535354,
    "f1-score": 0.53,
    "support": 99.0
  },
  "Low": {
    "precision": 0.6310679611650486,
    "recall": 0.65,
    "f1-score": 0.6403940886699507,
    "support": 100.0
  },
  "accuracy": 0.473551637279597,
  "macro avg": {
    "precision": 0.46819827972562433,
    "recall": 0.47310606060606064,
    "f1-score": 0.46878773992647294,
    "support": 397.0
  },
  "weighted avg": {
    "precision": 0.46860853081237347,
    "recall": 0.473551637279597,
    "f1-score": 0.46921999773187206,
    "support": 397.0
  }
}